form	lemma	POS	morph
༄༅། །		PUNCT
རེད་	རེད་	VERB
མདའ་བ་	མདའ་བ་	NOUN
འི་	གི་	PART
གསུང་	གསུང་	VERB
ཐོར་བུ་	ཐོར་བུ་	OTHER
ལ་	ལ་	ADP
ས་	གིས་	PART
ཞལ་གདམས་	ཞལ་གདམས་	NOUN
འགའ་ཞིག་	འགའ་ཞིག་	OTHER
ཟུར་	ཟུར་	NOUN
དུ་	ལ་	PART
བཀོལ་བ་	བཀོལ་བ་	VERB
།། ༈ །		PUNCT
གང་ཞིག་	གང་ཞིག་	NO_POS
ལེགས་གསུང་	ལེགས་གསུང་	OTHER
དམ་ཆོས་	དམ་ཆོས་	NOUN
འདུལ་བ་	འདུལ་བ་	VERB
ལ་	ལ་	PART
། །		PUNCT
རབ་ཏུ་	རབ་ཏུ་	NO_POS
བྱུང་	བྱུང་	VERB
ན་	ནས་	PART
ལེགས་པ་	ལེགས་པ་	VERB
ར་	ལ་	PART
མི་	མི་	PART
སྡོམ་	སྡོམ་	NOUN
ཞིང་	ཅིང་	PART
། །		PUNCT
ཐུབ་པ་	ཐུབ་པ་	VERB
འི་	གི་	PART
བཀའ་ལུང་	བཀའ་ལུང་	NOUN
ཚུལ་མིན་	ཚུལ་མིན་	NO_POS
འདའ་	འདའ་	VERB
བྱེད་པ་	བྱེད་པ་	VERB
འི་	གི་	PART
། །		PUNCT
དགེ་སྦྱོང་	དགེ་སྦྱོང་	NOUN
དེ་དག་	དེ་དག་	OTHER
འཇིག་རྟེན་	འཇིག་རྟེན་	NOUN
ཆོམ་རྐུན་	ཆོམ་རྐུན་	NOUN
ཡིན་	ཡིན་	NO_POS
། །		PUNCT
འཁྱོག་པོ་	འཁྱོག་པོ་	NO_POS
ར་	ལ་	PART
སྨྲ་	སྨྲ་	VERB
ལ་	ལ་	PART
གཞན་དག་	གཞན་དག་	NO_POS
བརླིང་པོ་	བརླིང་པོ་	NO_POS
ར་	ལ་	PART
སེམས་	སེམས་	NOUN
། །		PUNCT
ངག་	ངག་	NOUN
མི་	མི་	PART
བཙུན་པ་	བཙུན་པ་	NOUN
དགེ་སྦྱོང་	དགེ་སྦྱོང་	NOUN
ཚུལ་མིན་པ་	ཚུལ་མིན་པ་	NO_POS
ས་	གིས་	PART
། །		PUNCT
གྱ་གྱུ་	གྱ་གྱུ་	NOUN
འི་	གི་	PART
སེམས་	སེམས་	NOUN
དང་	དང་	NO_POS
དེ་	སྟེ་	PART
ཡི་	གི་	PART
ཚུལ་	ཚུལ་	NOUN
སྤངས་	སྤངས་	VERB
ཏེ་	སྟེ་	PART
། །		PUNCT
གསོང་པོ་	གསོང་པོ་	ADJ
ར་	ལ་	PART
སྨྲ་	སྨྲ་	VERB
ལ་	ལ་	PART
ཁོ་བོ་	ཁོ་བོ་	PRON
ས་	གིས་	PART
རྟག་	རྟག་	VERB
ཏུ་	ལ་	PART
བསྟེན་	བསྟེན་	VERB
། །		PUNCT
འཛེམ་	འཛེམ་	NO_POS
མེད་	མེད་	VERB
སྨྲ་	སྨྲ་	VERB
ལ་	ལ་	PART
གཞན་དག་	གཞན་དག་	NO_POS
སྤོབས་པ་	སྤོབས་པ་	VERB
ར་	ལ་	PART
སེམས་	སེམས་	NOUN
། །		PUNCT
ངག་	ངག་	NOUN
མི་	མི་	PART
སྡོམ་པ་	སྡོམ་པ་	NOUN
དགེ་སྦྱོང་	དགེ་སྦྱོང་	NOUN
ཚུལ་མིན་པ་	ཚུལ་མིན་པ་	NO_POS
ས་	གིས་	PART
། །		PUNCT
མུ་ཅོར་	མུ་ཅོར་	ADJ
སྨྲ་བ་	སྨྲ་བ་	VERB
སྨྱོན་པ་	སྨྱོན་པ་	VERB
འི་	གི་	PART
ཚུལ་	ཚུལ་	NOUN
སྤངས་	སྤངས་	VERB
ཏེ་	སྟེ་	PART
། །		PUNCT
ཞི་བ་	ཞི་བ་	VERB
འི་	གི་	PART
ཚུལ་	ཚུལ་	NOUN
ལ་	ལ་	PART
ཁོ་བོ་	ཁོ་བོ་	PRON
ས་	གིས་	PART
རྟག་	རྟག་	VERB
ཏུ་	ལ་	PART
བསྟེན་	བསྟེན་	VERB
། །		PUNCT
ཕྱི་ཚུལ་	ཕྱི་ཚུལ་	NO_POS
འཆོས་	འཆོས་	VERB
ལ་	ལ་	PART
གཞན་དག་	གཞན་དག་	NO_POS
བཙུན་པོ་	བཙུན་པོ་	NO_POS
ར་	ལ་	PART
སེམས་	སེམས་	NOUN
། །		PUNCT
གཡོ་སྒྱུ་	གཡོ་སྒྱུ་	NOUN
འི་	གི་	PART
སྤྱོད་པ་	སྤྱོད་པ་	VERB
དགེ་སྦྱོང་	དགེ་སྦྱོང་	NOUN
ཚུལ་མིན་པ་	ཚུལ་མིན་པ་	NO_POS
ས་	གིས་	PART
། །		PUNCT
ཕ་རོལ་	ཕ་རོལ་	NOUN
བྲིད་	བྲིད་	NO_POS
བྱེད་	བྱེད་	VERB
ཡོན་པོ་	ཡོན་པོ་	NO_POS
འི་	གི་	PART
ཚུལ་	ཚུལ་	NOUN
སྤངས་	སྤངས་	VERB
ཏེ་	སྟེ་	PART
། །		PUNCT
དེས་པ་	དེས་པ་	VERB
འི་	གི་	PART
ཚུལ་	ཚུལ་	NOUN
ལ་	ལ་	PART
ཁོ་བོ་	ཁོ་བོ་	PRON
ས་	གིས་	PART
རྟག་	རྟག་	VERB
ཏུ་	ལ་	PART
བསྟེན་	བསྟེན་	VERB
། །		PUNCT
རང་	རང་	PRON
དག་	དགའ་	VERB
འི་	གི་	PART
སྤྱོད་པ་	སྤྱོད་པ་	VERB
གཞན་དག་	གཞན་དག་	NO_POS
དྲང་པོ་	དྲང་པོ་	ADJ
ར་	ལ་	PART
སེམས་	སེམས་	NOUN
། །		PUNCT
དབང་པོ་	དབང་པོ་	NOUN
མི་	མི་	PART
སྡོམ་	སྡོམ་	NOUN
དགེ་སྦྱོང་	དགེ་སྦྱོང་	NOUN
ཚུལ་མིན་པ་	ཚུལ་མིན་པ་	NO_POS
ས་	གིས་	PART
། །		PUNCT
བག་	བག་	NOUN
དང་	དང་	NO_POS
མི་	མི་	PART
ལྡན་	ལྡན་	VERB
ཧྲལ་པོ་	ཧྲལ་པོ་	NO_POS
འི་	གི་	PART
ཚུལ་	ཚུལ་	NOUN
སྤངས་	སྤངས་	VERB
ཏེ་	སྟེ་	PART
། །		PUNCT
བག་	བག་	NOUN
ཡོད་	ཡོད་	VERB
ཚུལ་	ཚུལ་	NOUN
ལ་	ལ་	PART
ཁོ་བོ་	ཁོ་བོ་	PRON
ས་	གིས་	PART
རྟག་	རྟག་	VERB
ཏུ་	ལ་	PART
བསྟེན་	བསྟེན་	VERB
། །		PUNCT
བྱ་	བྱ་	VERB
བྱེད་	བྱེད་	VERB
མང་བ་	མང་བ་	VERB
གཞན་དག་	གཞན་དག་	NO_POS
གྲུང་པོ་	གྲུང་པོ་	NO_POS
ར་	ལ་	PART
སེམས་	སེམས་	NOUN
། །		PUNCT
རྣམ་གཡེང་	རྣམ་གཡེང་	NOUN
འདོད་པ་	འདོད་པ་	VERB
དགེ་སྦྱོང་	དགེ་སྦྱོང་	NOUN
ཚུལ་མིན་པ་	ཚུལ་མིན་པ་	NO_POS
ས་	གིས་	PART
། །		PUNCT
འདུ་འཛི་	འདུ་འཛི་	NOUN
བསྲེལ་བ་	བསྲེལ་བ་	NO_POS
ཁྱིམ་པ་	ཁྱིམ་པ་	NOUN
འི་	གི་	PART
ཚུལ་	ཚུལ་	NOUN
སྤངས་	སྤངས་	VERB
ཏེ་	སྟེ་	PART
། །		PUNCT
དོན་	དོན་	NOUN
ཉུང་	ཉུང་	VERB
ཚུལ་	ཚུལ་	NOUN
ལ་	ལ་	PART
ཁོ་བོ་	ཁོ་བོ་	PRON
ས་	གིས་	PART
རྟག་	རྟག་	VERB
ཏུ་	ལ་	PART
བསྟེན་	བསྟེན་	VERB
། །		PUNCT
ལོངས་སྤྱོད་	ལོངས་སྤྱོད་	NOUN
འབྱོར་བ་	འབྱོར་བ་	VERB
གཞན་དག་	གཞན་དག་	NO_POS
དཔལ་	དཔལ་	OTHER
དུ་	ལ་	PART
སེམས་	སེམས་	NOUN
། །		PUNCT
འདོད་	འདོད་	VERB
ཞེན་	ཞེན་	VERB
ཆེ་བ་	ཆེ་བ་	VERB
དགེ་སྦྱོང་	དགེ་སྦྱོང་	NOUN
ཚུལ་མིན་པ་	ཚུལ་མིན་པ་	NO_POS
ས་	གིས་	PART
། །		PUNCT
ཟང་ཟིང་	ཟང་ཟིང་	NOUN
དང་	དང་	NO_POS
བཅའ་	བཅའ་	VERB
གྲོང་པ་	གྲོང་པ་	NO_POS
འི་	གི་	PART
ཚུལ་	ཚུལ་	NOUN
སྤངས་	སྤངས་	VERB
ཏེ་	སྟེ་	PART
། །		PUNCT
ཆོག་ཤེས་	ཆོག་ཤེས་	OTHER
ཚུལ་	ཚུལ་	NOUN
ལ་	ལ་	PART
ཁོ་བོ་	ཁོ་བོ་	PRON
ས་	གིས་	PART
རྟག་	རྟག་	VERB
ཏུ་	ལ་	PART
བསྟེན་	བསྟེན་	VERB
། །		PUNCT
གྲོང་	གྲོང་	NOUN
དག་	དག་	DET
འགྲིམ་པ་	འགྲིམ་པ་	VERB
གཞན་དག་	གཞན་དག་	NO_POS
གདུལ་བྱ་	གདུལ་བྱ་	NOUN
ར་	ལ་	PART
སེམས་	སེམས་	NOUN
། །		PUNCT
རྙེད་བཀུར་	རྙེད་བཀུར་	NO_POS
སྒྲུབ་པ་	སྒྲུབ་པ་	VERB
དགེ་སྦྱོང་	དགེ་སྦྱོང་	NOUN
ཚུལ་མིན་པ་	ཚུལ་མིན་པ་	NO_POS
ས་	གིས་	PART
། །		PUNCT
ཁེ་སྤོགས་	ཁེ་སྤོགས་	NO_POS
འདོད་པ་	འདོད་པ་	VERB
ཚོང་པ་	ཚོང་པ་	NOUN
འི་	གི་	PART
ཚུལ་	ཚུལ་	NOUN
སྤངས་	སྤངས་	VERB
ཏེ་	སྟེ་	PART
། །		PUNCT
བས་མཐ་	བས་མཐའ་	NO_POS
འི་	གི་	PART
གནས་	གནས་	NOUN
ལ་	ལ་	PART
ཁོ་བོ་	ཁོ་བོ་	PRON
ས་	གིས་	PART
རྟག་	རྟག་	VERB
ཏུ་	ལ་	PART
བསྟེན་	བསྟེན་	VERB
། །		PUNCT
ཞེ་	ཅེས་	PART
དང་	དང་	NO_POS
།། ༈ །		PUNCT
འཇིག་རྟེན་	འཇིག་རྟེན་	NOUN
འདྲེན་པ་	འདྲེན་པ་	VERB
ལྷ་	ལྷ་	NOUN
མི་	མི་	PART
འི་	གི་	PART
སྟོན་པ་	སྟོན་པ་	NOUN
ཡི་	གིས་	PART
། །		PUNCT
འདོད་	འདོད་	VERB
ལ་	ལ་	PART
ཞེན་པ་	ཞེན་པ་	VERB
ཁོང་ཁྲོ་	ཁོང་ཁྲོ་	NOUN
འི་	གི་	PART
རྩ་བ་	རྩ་བ་	NOUN
ར་	ལ་	PART
བསྟན་	བསྟན་	VERB
། །		PUNCT
འདོད་པ་	འདོད་པ་	VERB
འི་	གི་	PART
ཡོན་ཏན་	ཡོན་ཏན་	NOUN
སྡུག་བསྔལ་	སྡུག་བསྔལ་	NOUN
བསྐྱེད་པ་	བསྐྱེད་པ་	VERB
སྟེ་	སྟེ་	PART
། །		PUNCT
ནད་	ནད་	NOUN
དང་	དང་	NO_POS
འབྲས་	འབྲས་	NOUN
དང་	དང་	NO_POS
ཟུག་རྔུ་	ཟུག་རྔུ་	NOUN
འི་	གི་	PART
རྩ་བ་	རྩ་བ་	NOUN
ཡིན་	ཡིན་	NO_POS
"།

།"		PUNCT
ཇི་ལྟ་		
མཛེ་	མཛེ་	NO_POS
ཅན་	ཅན་	PART
གཡན་པ་	གཡན་པ་	NO_POS
ཕྲུགས་པ་	ཕྲུགས་པ་	NO_POS
དང་	དང་	NO_POS
། །		PUNCT
ཚ་བ་	ཚ་བ་	VERB
འི་	གི་	PART
ནད་ཅན་	ནད་ཅན་	NO_POS
སྲེད་པ་	སྲེད་པ་	VERB
འི་	གི་	PART
ཆུ་	ཆུ་	NOUN
དང་	དང་	NO_POS
ནི་	ནི་	NO_POS
། །		PUNCT
སྐོམ་པ་	སྐོམ་པ་	VERB
ས་	གིས་	PART
ཉེན་པ་	ཉེན་པ་	VERB
ལན་ཚྭ་	ལན་ཚྭ་	NO_POS
འི་	གི་	PART
ཆུ་	ཆུ་	NOUN
འཐུང་	འཐུང་	NO_POS
བཞིན་	བཞིན་	NOUN
། །		PUNCT
འདོད་པ་	འདོད་པ་	VERB
བསྟེན་པ་	བསྟེན་པ་	VERB
ས་	གིས་	PART
ནམ་ཡང་	ནམ་ཡང་	OTHER
ངོམས་	ངོམས་	VERB
མི་	མི་	PART
འགྱུར་	འགྱུར་	VERB
། །		PUNCT
དུག་	དུག་	NOUN
དང་	དང་	NO_POS
བཅས་པ་	བཅས་པ་	VERB
འི་	གི་	PART
ཁ་ཟས་	ཁ་ཟས་	NOUN
གཡོ་	གཡོ་	VERB
ལེགས་	ལེགས་	VERB
དང་	དང་	NO_POS
། །		PUNCT
སྤུ་གྲི་	སྤུ་གྲི་	NOUN
འི་	གི་	PART
སོ་	གོ་	PART
ལ་	ལ་	PART
ཆགས་པ་	ཆགས་པ་	VERB
འི་	གི་	PART
སྦྲང་རྩི་	སྦྲང་རྩི་	NOUN
དང་	དང་	NO_POS
། །		PUNCT
ཤིང་རྟ་	ཤིང་རྟ་	NOUN
འདྲེན་པ་	འདྲེན་པ་	VERB
འི་	གི་	PART
ཕྱུགས་	ཕྱུགས་	NOUN
ཀྱིས་	གིས་	PART
རྩྭ་	རྩྭ་	NOUN
ཟོ་	ཟོ་	VERB
བཞིན་	བཞིན་	NOUN
། །		PUNCT
འདོད་པ་	འདོད་པ་	VERB
འི་	གི་	PART
ཡོན་ཏན་	ཡོན་ཏན་	NOUN
མནོག་	མནོག་	NO_POS
ཆུང་	ཆུང་	VERB
ཉེས་པ་	ཉེས་པ་	VERB
མང་	མང་	VERB
། །		PUNCT
གླང་ཆེན་	གླང་ཆེན་	NOUN
དྲི་	དྲི་	NOUN
ལ་	ལ་	PART
ཆགས་པ་	ཆགས་པ་	VERB
འི་	གི་	PART
སྦྲང་བུ་	སྦྲང་བུ་	NOUN
དང་	དང་	NO_POS
། །		PUNCT
རྔོན་པ་	རྔོན་པ་	NOUN
འི་	གི་	PART
གླུ་དབྱངས་	གླུ་དབྱངས་	NOUN
ཉན་པ་	ཉན་པ་	VERB
འི་	གི་	PART
རི་དྭགས་	རི་དྭགས་	NOUN
དང་	དང་	NO_POS
། །		PUNCT
ལྕགས་ཀྱུ་	ལྕགས་ཀྱུ་	NOUN
འི་	གི་	PART
ཤ་ལ་	ཤ་ལ་	NO_POS
ཆགས་པ་	ཆགས་པ་	VERB
འི་	གི་	PART
ཉ་	ཉ་	NOUN
བཞིན་	བཞིན་	NOUN
དུ་	ལ་	PART
། །		PUNCT
འདོད་	འདོད་	VERB
ལ་	ལ་	PART
རྐམ་པ་	རྐམ་པ་	NON_WORD
འི་	གི་	PART
བྱིས་པ་	བྱིས་པ་	NOUN
མྱུར་	མྱུར་	VERB
དུ་	ལ་	PART
བརླག་	བརླག་	VERB
།		PUNCT
ཅེས་	ཅེས་	PART
གསུངས་	གསུངས་	VERB
སོ་	གོ་	PART
།། ༈ །		PUNCT
གང་	གང་	NO_POS
གི་	གི་	PART
ཞབས་	ཞབས་	NOUN
ཟུང་	ཟུང་	VERB
པདྨོའི་		NON_WORD
གེ་སར་	གེ་སར་	PROPN
རྡུལ་	རྡུལ་	NOUN
། །		PUNCT
ཚངས་	ཚངས་	VERB
དང་	དང་	NO_POS
ལྷ་དབང་	ལྷ་དབང་	OTHER
ཁྱབ་འཇུག་	ཁྱབ་འཇུག་	OTHER
ལ་སོགས་པ་	ལ་སོགས་པ་	NO_POS
། །		PUNCT
འཇིག་རྟེན་	འཇིག་རྟེན་	NOUN
དྲེགས་	དྲེགས་	NOUN
ལྡན་	ལྡན་	VERB
གཙུག་	གཙུག་	NOUN
གིས་	གིས་	PART
གུ་	གུ་	VERB
བསྟེན་པ་	བསྟེན་པ་	VERB
འི་	གི་	PART
། །		PUNCT
སྤྱན་རས་	སྤྱན་རས་	NO_POS
གཟིགས་	གཟིགས་	VERB
མགོན་	མགོན་	NOUN
དེ་	སྟེ་	PART
ལ་	ལ་	PART
ཕྱག་	ཕྱག་	NOUN
འཚལ་	འཚལ་	VERB
ལོ་	གོ་	PART
། །		PUNCT
མང་	མང་	VERB
དུ་	ལ་	PART
ཐོ་	ཐོ་	VERB
ཀྱང་	ཀྱང་	PART
ཚུལ་བཞིན་	ཚུལ་བཞིན་	NOUN
སྒྲུབ་	སྒྲུབ་	VERB
ལ་	ལ་	PART
གཡེལ་	གཡེལ་	NO_POS
། །		PUNCT
ཁྲིམས་	ཁྲིམས་	NOUN
བརྒྱ་	བརྒྱ་	NUM
ནོད་	ནོད་	NO_POS
ཀྱང་	ཀྱང་	PART
ཉེས་ལྟུང་	ཉེས་ལྟུང་	NOUN
དྲི་མ་	དྲི་མ་	NOUN
ཅན་	ཅན་	PART
། །		PUNCT
དགེ་སྦྱོང་	དགེ་སྦྱོང་	NOUN
བདག་	བདག་	PRON
གི་	གི་	PART
གཡར་དམ་	གཡར་དམ་	NO_POS
འདི་	འདི་	DET
རྣམས་	རྣམས་	DET
ལ་	ལ་	PART
། །		PUNCT
མཁྱེན་ལྡན་	མཁྱེན་ལྡན་	NO_POS
ཐུགས་རྗེ་	ཐུགས་རྗེ་	NOUN
འི་	གི་	PART
ལྷ་	ལྷ་	NOUN
ཁྱོད་	ཁྱོད་	PRON
ཡུད་ཙམ་	ཡུད་ཙམ་	NO_POS
དགོངས་	དགོངས་	VERB
། །		PUNCT
གང་	གང་	NO_POS
དུ་	ལ་	PART
གནས་	གནས་	NOUN
ན་	ལ་	PART
སྣང་	སྣང་	VERB
ཤེ་	ཤེ་	VERB
འཕེལ་	འཕེལ་	VERB
འགྱུར་	འགྱུར་	VERB
ཞིང་	ཅིང་	PART
། །		PUNCT
རང་རྒྱུད་	རང་རྒྱུད་	NOUN
རྙེད་བཀུར་	རྙེད་བཀུར་	NO_POS
ཞགས་པ་	ཞགས་པ་	NOUN
ས་	གིས་	PART
འཆིང་	འཆིང་	NO_POS
བྱེད་	བྱེད་	VERB
ལ་	ལ་	PART
། །		PUNCT
གཞན་རྒྱུད་	གཞན་རྒྱུད་	NO_POS
ཕྲག་དོག་	ཕྲག་དོག་	NOUN
འགྲན་སེམས་	འགྲན་སེམས་	NO_POS
ཀྱིས་	གིས་	PART
གདུང་བ་	གདུང་བ་	VERB
འི་	གི་	PART
། །		PUNCT
གནས་	གནས་	NOUN
དེ་	དེ་	DET
ར་	ལ་	PART
སྐད་ཅིག་	སྐད་ཅིག་	OTHER
ཙམ་	ཙམ་	DET
ཡང་	ཀྱང་	PART
མི་	མི་	PART
གནས་	གནས་	NOUN
སོ་	གོ་	PART
། །		PUNCT
དེང་ནས་	དེང་ནས་	NO_POS
བཟུང་	བཟུང་	NO_POS
སྟེ་	སྟེ་	PART
ཇི་སྲིད་	ཇི་སྲིད་	PRON
འཚོ་	འཚོ་	VERB
འི་	གི་	PART
བ་	བ་	NOUN
དུ་	ལ་	PART
། །		PUNCT
གངས་	གངས་	NOUN
དང་	དང་	NO_POS
རི་སུལ་	རི་སུལ་	NOUN
ནགས་	ནགས་	NOUN
ཀྱི་	གི་	PART
ཁྲོད་	ཁྲོད་	NOUN
རྣམས་	རྣམས་	DET
སུ་	ལ་	PART
། །		PUNCT
བསེ་རུ་	བསེ་རུ་	NOUN
ལྟ་བུ་	ལྟ་བུ་	NOUN
ར་	ལ་	PART
རྟག་	རྟག་	VERB
ཏུ་	ལ་	PART
གནས་བྱེད་	གནས་བྱེད་	NO_POS
ཅིང་	ཅིང་	PART
། །		PUNCT
གྲོང་	གྲོང་	NOUN
དང་	དང་	NO_POS
འཁོར་	འཁོར་	NOUN
མང་	མང་	VERB
དབུ་	དབུ་	NOUN
སུ་	ལ་	PART
གནས་	གནས་	NOUN
མི་	མི་	PART
བགྱི་	བགྱི་	VERB
། །		PUNCT
ཆོ་	ཆོ་	NOUN
བརྒྱད་	བརྒྱད་	NUM
རྐྱེན་	རྐྱེན་	NOUN
གྱིས་	གིས་	PART
ནམ་ཡང་	ནམ་ཡང་	OTHER
མི་གཡོ་བ་	མི་གཡོ་བ་	NO_POS
འི་	གི་	PART
། །		PUNCT
སེམས་	སེམས་	NOUN
ལ་	ལ་	PART
ཇི་སྲིད་	ཇི་སྲིད་	PRON
བརྟན་པ་	བརྟན་པ་	VERB
མ་	མ་	PART
ཐོབ་པ་	ཐོབ་པ་	VERB
ར་	ལ་	PART
། །		PUNCT
གཅིག་པུ་	གཅིག་པུ་	ADJ
ར་	ལ་	PART
རང་རྒྱུད་	རང་རྒྱུད་	NOUN
འདུལ་བ་	འདུལ་བ་	VERB
མ་གཏོགས་པ་	མ་གཏོགས་པ་	NO_POS
། །		PUNCT
གཞན་དོན་	གཞན་དོན་	NOUN
ཐབས་	ཐབས་	NOUN
ཀྱིས་	གིས་	PART
རང་དོན་	རང་དོན་	NOUN
ཉམས་	ཉམས་	NOUN
མི་	མི་	PART
བགྱི་	བགྱི་	VERB
། །		PUNCT
ཆོས་གོས་	ཆོས་གོས་	NOUN
གསུམ་	གསུམ་	NUM
དང་	དང་	NO_POS
ལྷུང་བཟེད་	ལྷུང་བཟེད་	NOUN
ལ་སོགས་པ་	ལ་སོགས་པ་	NO_POS
། །		PUNCT
རང་ཉིད་	རང་ཉིད་	OTHER
འཚོ་བ་	འཚོ་བ་	VERB
འི་	གི་	PART
ཡོ་བྱད་	ཡོ་བྱད་	NOUN
མ་གཏོགས་པ་	མ་གཏོགས་པ་	NO_POS
། །		PUNCT
གསེར་	གསེར་	NOUN
དང་	དང་	NO_POS
དབྱིག་	དབྱིག་	NOUN
སོགས་	སོགས་	DET
ལྷག་པ་	ལྷག་པ་	VERB
འི་	གི་	PART
ཡོ་བྱད་	ཡོ་བྱད་	NOUN
ནི་	ནི་	NO_POS
། །		PUNCT
རང་	རང་	PRON
གི་	གི་	PART
དོན་	དོན་	NOUN
དུ་	ལ་	PART
ཏིལ་	ཏིལ་	NOUN
ཙམ་	ཙམ་	DET
མི་	མི་	PART
བཅང་	བཅང་	VERB
ངོ་	གོ་	PART
། །		PUNCT
གཞན་	གཞན་	DET
གྱི་	གི་	PART
ཉེས་པ་	ཉེས་པ་	VERB
ནམ་ཡང་	ནམ་ཡང་	OTHER
མི་	མི་	PART
གླེང་	གླེང་	NO_POS
ཞིང་	ཅིང་	PART
། །		PUNCT
དོན་	དོན་	NOUN
དང་	དང་	NO_POS
ལྡན་	ལྡན་	VERB
ཞིང་	ཅིང་	PART
ཆོ་	ཆོ་	NOUN
མཐུན་	མཐུན་	VERB
མ་གཏོགས་པ་	མ་གཏོགས་པ་	NO_POS
"།

།"		PUNCT
དམག་	དམག་	NOUN
དང་	དང་	NO_POS
ཆོམ་རྐུན་	ཆོམ་རྐུན་	NOUN
རྒྱལ་པོ་	རྒྱལ་པོ་	NOUN
འི་	གི་	PART
གཏམ་	གཏམ་	NOUN
ལ་སོགས་	ལ་སོགས་	NO_POS
། །		PUNCT
འཁྲུལ་བ་	འཁྲུལ་བ་	VERB
འི་	གི་	PART
བཀའ་	བཀའ་	NOUN
མཆིད་	མཆིད་	NO_POS
ནམ་ཡང་	ནམ་ཡང་	OTHER
མི་	མི་	PART
བགྱིད་	བགྱིད་	NO_POS
དོ་	གོ་	PART
། །		PUNCT
ཆོ་	ཆོ་	NOUN
ཀྱི་	གི་	PART
དོན་	དོན་	NOUN
དུ་	ལ་	PART
དཀའ་སྤྱད་	དཀའ་སྤྱད་	NOUN
བསྲན་	བསྲན་	NO_POS
བཟོད་	བཟོད་	VERB
ཅིང་	ཅིང་	PART
། །		PUNCT
འཇིག་རྟེན་	འཇིག་རྟེན་	NOUN
བློ་	བློ་	NOUN
ས་	གིས་	PART
བཏང་	བཏང་	VERB
རྣམ་གྲོལ་	རྣམ་གྲོལ་	NOUN
དོན་	དོན་	NOUN
དུ་	ལ་	PART
གཉེར་	གཉེར་	VERB
། །		PUNCT
འདོད་	འདོད་	VERB
ཆུང་	ཆུང་	VERB
ཆོག་ཤེས་	ཆོག་ཤེས་	OTHER
རང་	རང་	PRON
དང་	དང་	NO_POS
རྗེས་	རྗེས་	NOUN
མཐུན་པ་	མཐུན་པ་	VERB
འི་	གི་	PART
། །		PUNCT
རྗེས་	རྗེས་	NOUN
འབྲང་	འབྲང་	VERB
འཁོར་	འཁོར་	NOUN
ནི་	ནི་	NO_POS
བཞི་	བཞི་	NUM
བ་	བ་	ADP
ལྷག་	ལྷག་	NOUN
མི་	མི་	PART
བསྟེན་	བསྟེན་	VERB
། །		PUNCT
གལ་ཏེ་	གལ་ཏེ་	NO_POS
བདག་	བདག་	PRON
གིས་	གིས་	PART
གཡར་དམ་	གཡར་དམ་	NO_POS
འདི་	འདི་	DET
རྣམས་	རྣམས་	DET
དང་	དང་	NO_POS
། །		PUNCT
འགལ་བ་	འགལ་བ་	VERB
ར་	ལ་	PART
བགྱི་	བགྱི་	VERB
ན་	ལ་	PART
རྒྱལ་བ་	རྒྱལ་བ་	NOUN
སྲ་	སྲ་	NOUN
བཅའ་	བཅའ་	VERB
དང་	དང་	NO_POS
། །		PUNCT
ཐུགས་རྗེ་	ཐུགས་རྗེ་	NOUN
འི་	གི་	PART
མངའ་བདག་	མངའ་བདག་	NOUN
སྤྱན་རས་	སྤྱན་རས་	NO_POS
གཟིགས་	གཟིགས་	VERB
མགོན་	མགོན་	NOUN
གྱིས་	གིས་	PART
། །		PUNCT
ཁྱི་	ཁྱི་	NOUN
ཕག་	ཕག་	NOUN
ལུག་	ལུག་	NOUN
བོང་	བོང་	NOUN
རྣམས་	རྣམས་	DET
དང་	དང་	NO_POS
བདག་	བདག་	PRON
སྙོམས་	སྙོམས་	VERB
ཤིག་	ཅིག་	PART
།		PUNCT
ཅེས་	ཅེས་	PART
གསུངས་	གསུངས་	VERB
།། ༈ །		PUNCT
གང་	གང་	NO_POS
ལ་ཉེ་	ལ་ཉེ་	NO_POS
ས་པ་	ས་པ་	PART
རྡུལ་	རྡུལ་	NOUN
ཙམ་	ཙམ་	DET
མི་	མི་	PART
མངའ་	མངའ་	VERB
ཞིང་	ཅིང་	PART
། །		PUNCT
རྨད་བྱུང་	རྨད་བྱུང་	NOUN
ཡོན་ཏན་	ཡོན་ཏན་	NOUN
དཔལ་	དཔལ་	OTHER
གྱིས་	གིས་	PART
རབ་	རབ་	ADV
བརྗིད་པ་	བརྗིད་པ་	VERB
ས་	གིས་	PART
། །		PUNCT
སྙན་པ་	སྙན་པ་	VERB
འི་	གི་	PART
བ་དན་	བ་དན་	NOUN
འཇིག་རྟེན་	འཇིག་རྟེན་	NOUN
གསུམ་	གསུམ་	NUM
ན་	ལ་	PART
གཡོ་	གཡོ་	VERB
། །		PUNCT
ཐུབ་དབང་	ཐུབ་དབང་	NOUN
ལྷ་	ལྷ་	NOUN
ཡི་	གི་	PART
ལྷ་	ལྷ་	NOUN
ལ་	ལ་	PART
ཕྱག་	ཕྱག་	NOUN
འཚལ་	འཚལ་	VERB
ལོ་	གོ་	PART
། །		PUNCT
ཀ་ཡེ་	ཀ་ཡེ་	NO_POS
ཉོན་	ཉོན་	VERB
ཅིག་	ཅིག་	PART
ཤེས་ལྡན་	ཤེས་ལྡན་	NO_POS
གྲོགས་པོ་	གྲོགས་པོ་	NOUN
དག་	དག་	DET
།		PUNCT
བསྟན་པ་	བསྟན་པ་	VERB
འི་	གི་	PART
ཉིན་བྱེད་	ཉིན་བྱེད་	NOUN
ནུབ་	ནུབ་	ADV
རི་	རི་	NOUN
འི་	གི་	PART
རྩེ་	རྩེ་	NOUN
ལ་	ལ་	PART
སོན་	སོན་	VERB
། །		PUNCT
ལུས་སྲོག་	ལུས་སྲོག་	NOUN
གཡོ་བ་	གཡོ་བ་	VERB
འབབ་ཆུ་	འབབ་ཆུ་	NOUN
འི་	གི་	PART
རྒྱུན་	རྒྱུན་	NOUN
དང་	དང་	NO_POS
མཚུངས་	མཚུངས་	VERB
། །		PUNCT
ཐ་	ཐ་	VERB
འདོད་	འདོད་	VERB
རྣམས་	རྣམས་	DET
ཀྱིས་	གིས་	PART
བག་	བག་	NOUN
ཡོད་	ཡོད་	VERB
བསྟེན་པ་	བསྟེན་པ་	VERB
ར་	ལ་	PART
རིགས་	རིགས་	NOUN
། །		PUNCT
རིན་ཆེན་	རིན་ཆེན་	OTHER
བདུན་	བདུན་	NUM
ལྡན་	ལྡན་	VERB
གླིང་ཆེན་	གླིང་ཆེན་	NO_POS
བཞི་	བཞི་	NUM
ལ་	ལ་	PART
དབང་	དབང་	NOUN
། །		PUNCT
དཔག་མེད་	དཔག་མེད་	ADJ
ཚེ་	ཚེ་	NOUN
གནས་	གནས་	NOUN
དགེ་	དགེ་	NOUN
བཅུ་	བཅུ་	NUM
འི་	གི་	PART
དཔལ་	དཔལ་	OTHER
ལ་	ལ་	PART
སྤྱོད་	སྤྱོད་	VERB
། །		PUNCT
ཕུན་ཚོགས་	ཕུན་ཚོགས་	ADJ
མངོན་མཐོ་	མངོན་མཐོ་	NOUN
འི་	གི་	PART
བདེ་	བདེ་	VERB
ལ་	ལ་	PART
རོལ་	རོལ་	VERB
བྱེད་པ་	བྱེད་པ་	VERB
འི་	གི་	PART
། །		PUNCT
འཁོར་ལོ་	འཁོར་ལོ་	NOUN
ས་	གིས་	PART
བསྒྱུར་	བསྒྱུར་	VERB
རྒྱལ་	རྒྱལ་	VERB
དཔལ་	དཔལ་	OTHER
དེ་	དེ་	DET
འང་	ཀྱང་	PART
ཆུ་ཤིང་	ཆུ་ཤིང་	OTHER
འདྲ་	འདྲ་	VERB
། །		PUNCT
ལྷུན་པོ་	ལྷུན་པོ་	OTHER
འི་	གི་	PART
སྤོ་	སྤོ་	VERB
ལ་	ལ་	PART
ཡུན་རིང་	ཡུན་རིང་	NOUN
གནས་	གནས་	NOUN
བཅའ་	བཅའ་	VERB
ཏེ་	སྟེ་	PART
། །		PUNCT
ཡོངས་འདུ་	ཡོངས་འདུ་	OTHER
འི་	གི་	PART
ཚལ་	ཚལ་	NOUN
དུ་	ལ་	PART
དགའ་བདེ་	དགའ་བདེ་	NOUN
འི་	གི་	PART
དཔལ་	དཔལ་	OTHER
གྱིས་	གིས་	PART
རོལ་	རོལ་	VERB
། །		PUNCT
འཆི་མེད་	འཆི་མེད་	NOUN
ཉེ་	ཉེ་	VERB
དཔང་	དཔང་	NO_POS
ཚོགས་	ཚོགས་	NOUN
ཀྱིས་	གིས་	PART
གུ་	གུ་	VERB
བཏུད་པ་	བཏུད་པ་	VERB
འི་	གི་	PART
། །		PUNCT
འཕྲོག་བྱེད་	འཕྲོག་བྱེད་	NO_POS
མིག་	མིག་	NOUN
སྟོང་	སྟོང་	NUM
ལྡན་	ལྡན་	VERB
དེ་	དེ་	DET
འང་	ཀྱང་	PART
སྲིད་པ་	སྲིད་པ་	VERB
འི་	གི་	PART
བྲན་	བྲན་	NOUN
། །		PUNCT
ལུས་སེམས་	ལུས་སེམས་	NOUN
ཟུག་རྔུ་	ཟུག་རྔུ་	NOUN
འི་	གི་	PART
གདུང་བ་	གདུང་བ་	VERB
རིང་	རིང་	NOUN
དུ་	ལ་	PART
སྤངས་	སྤངས་	VERB
། །		PUNCT
ཏིང་འཛིན་	ཏིང་འཛིན་	NOUN
བདེ་བ་	བདེ་བ་	VERB
ས་	གིས་	PART
བསྐལ་	བསྐལ་	NO_POS
མང་	མང་	VERB
འདའ་	འདའ་	VERB
བྱེད་པ་	བྱེད་པ་	VERB
འི་	གི་	PART
། །		PUNCT
འཇིག་རྟེན་	འཇིག་རྟེན་	NOUN
མེས་པོ་	མེས་པོ་	NOUN
གསེར་	གསེར་	NOUN
གྱི་	གི་	PART
མངལ་	མངལ་	NOUN
ལྡན་	ལྡན་	VERB
ཡང་	ཀྱང་	PART
། །		PUNCT
འཆི་མེད་	འཆི་མེད་	NOUN
གོ་འཕང་	གོ་འཕང་	NOUN
ལ་	ལ་	ADP
ས་	གིས་	PART
རིང་	རིང་	NOUN
གྱི་	གི་	PART
ན་	ན་	ADP
ར་	ལ་	PART
འཁོར་	འཁོར་	NOUN
། །		PUNCT
གང་	གང་	NO_POS
གིས་	གིས་	PART
རེག་	རེག་	VERB
ན་	ལ་	PART
རབ་	རབ་	ADV
བརྟན་	བརྟན་	VERB
ལྷུན་པོ་	ལྷུན་པོ་	OTHER
ཡང་	ཀྱང་	PART
། །		PUNCT
སྐད་ཅིག་	སྐད་ཅིག་	OTHER
ཙམ་	ཙམ་	DET
གྱིས་	གིས་	PART
ཐལ་བ་	ཐལ་བ་	NOUN
ར་	ལ་	PART
རློག་	རློག་	VERB
བྱེད་པ་	བྱེད་པ་	VERB
འི་	གི་	PART
། །		PUNCT
མེ་ལྕེ་	མེ་ལྕེ་	OTHER
འི་	གི་	PART
ཕྲེང་བ་	ཕྲེང་བ་	NOUN
ལུས་	ལུས་	NOUN
ལ་	ལ་	PART
རབ་	རབ་	ADV
འབར་བ་	འབར་བ་	VERB
། །		PUNCT
དམྱལ་བ་	དམྱལ་བ་	NOUN
འི་	གི་	PART
ཟུག་རྔུ་	ཟུག་རྔུ་	NOUN
སུ་	ལ་	PART
ཡི་	གིས་	PART
བརྣག་པ་	བརྣག་པ་	NO_POS
ར་	ལ་	PART
ནུས་	ནུས་	VERB
། །		PUNCT
བལྟས་་	བལྟས་པ་	VERB
ཙམ་	ཙམ་	DET
གྱིས་	གིས་	PART
ཀླུང་	ཀླུང་	NOUN
ཆེན་	ཆེན་	NO_POS
རྒྱུན་	རྒྱུན་	NOUN
སྐེམས་	སྐེམས་	NO_POS
ཤིང་	ཅིང་	PART
། །		PUNCT
ལྗོན་ཤིང་	ལྗོན་ཤིང་	NOUN
འབྲས་བུ་	འབྲས་བུ་	NOUN
མེད་པ་	མེད་པ་	VERB
ར་	ལ་	PART
བྱེད་པ་	བྱེད་པ་	VERB
ཡི་	གི་	PART
། །		PUNCT
ཏ་ལ་	ཏ་ལ་	OTHER
འི་	གི་	PART
ཡང་ཐོག་	ཡང་ཐོག་	NOUN
སྐམ་	སྐམ་	VERB
ལྟ་	ལྟ་	NOUN
འི་	གི་	PART
ཡི་དྭགས་	ཡི་དྭགས་	NOUN
གཟུགས་	གཟུགས་	NOUN
"།

།"		PUNCT
གང་ཞིག་	གང་ཞིག་	NO_POS
མཐོང་	མཐོང་	VERB
ན་	ལ་	PART
འཇིགས་རུང་	འཇིགས་རུང་	NO_POS
སྐྱི་	སྐྱི་	NO_POS
ཡང་	ཀྱང་	PART
གཡའ་	གཡའ་	NOUN
། །		PUNCT
བླང་དོར་	བླང་དོར་	NOUN
རྨོངས་པ་	རྨོངས་པ་	VERB
འི་	གི་	PART
གཏི་མུག་	གཏི་མུག་	NOUN
སྨག་རུམ་	སྨག་རུམ་	NOUN
འཐིབ་	འཐིབ་	NO_POS
། །		PUNCT
གཅིག་	གཅིག་	NUM
ལ་	ལ་	PART
གཅིག་	གཅིག་	NUM
ཟ་	ཟ་	VERB
རྡོ་རྗེ་	རྡོ་རྗེ་	NOUN
འི་	གི་	PART
མེ་སྟག་	མེ་སྟག་	OTHER
དང་	དང་	NO_POS
། །		PUNCT
བཀོལ་སྤྱོད་	བཀོལ་སྤྱོད་	OTHER
ཆར་རྒྱུན་	ཆར་རྒྱུན་	OTHER
ལུས་	ལུས་	NOUN
ལ་	ལ་	PART
རྟག་	རྟག་	VERB
འབབ་པ་	འབབ་པ་	VERB
འི་	གི་	PART
། །		PUNCT
རྣམ་	རྣམ་	NOUN
མང་	མང་	VERB
དུད་འགྲོ་	དུད་འགྲོ་	NOUN
འི་	གི་	PART
དུབ་པ་	དུབ་པ་	VERB
སུ་	ལ་	PART
ཡི་	གིས་	PART
བཟོད་	བཟོད་	VERB
། །		PUNCT
སྲིད་པ་	སྲིད་པ་	VERB
འི་	གི་	PART
ཕུན་ཚོགས་	ཕུན་ཚོགས་	ADJ
དེ་ལྟ་	དེ་ལྟ་	NO_POS
མནོག་	མནོག་	NO_POS
ཆུང་	ཆུང་	VERB
ཞིང་	ཅིང་	PART
། །		PUNCT
རབ་	རབ་	ADV
མང་	མང་	VERB
ཉེས་པ་	ཉེས་པ་	VERB
འི་	གི་	PART
ཚོགས་	ཚོགས་	NOUN
དང་	དང་	NO_POS
ལྡན་	ལྡན་	VERB
རིག་	རིག་	VERB
ན་	ནས་	PART
། །		PUNCT
རང་གཞན་	རང་གཞན་	NOUN
སྲིད་པ་	སྲིད་པ་	VERB
འི་	གི་	PART
མཚོ་	མཚོ་	NOUN
ལ་	ལ་	ADP
ས་	གིས་	PART
བསྒྲལ་	བསྒྲལ་	NO_POS
བྱ་	བྱ་	VERB
འི་	གི་	PART
ཕྱི་	ཕྱི་	OTHER
། །		PUNCT
མང་ཐོས་	མང་ཐོས་	NOUN
བདག་	བདག་	PRON
ནི་	ནི་	NO_POS
དབེན་པ་	དབེན་པ་	VERB
འི་	གི་	PART
ནགས་	ནགས་	NOUN
སུ་	ལ་	PART
འགྲོ་	འགྲོ་	VERB
། །		PUNCT
ཆ་	ཆ་	NOUN
ར་	ལ་	PART
འདོད་	འདོད་	VERB
བྱི་	བྱི་	NO_POS
འུ་	འུ་	NO_POS
ས་	གིས་	PART
འབྲུག་སྒྲ་	འབྲུག་སྒྲ་	NOUN
ཐོས་པ་	ཐོས་པ་	VERB
ལྟ་	ལྟ་	OTHER
། །		PUNCT
དབེན་པ་	དབེན་པ་	VERB
འི་	གི་	PART
གཏམ་	གཏམ་	NOUN
འདི་	འདི་	DET
ཁོ་བོ་	ཁོ་བོ་	PRON
འི་	གི་	PART
སྙིང་	སྙིང་	NOUN
ལ་	ལ་	PART
འབབ་	འབབ་	NO_POS
། །		PUNCT
ཐོས་པ་	ཐོས་པ་	VERB
འི་	གི་	PART
དོན་	དོན་	NOUN
རྣམས་	རྣམས་	DET
དོན་ཡོད་	དོན་ཡོད་	ADJ
བྱ་བ་	བྱ་བ་	VERB
འི་	གི་	PART
ཕྱི་	ཕྱི་	OTHER
། །		PUNCT
གཞོན་ནུ་	གཞོན་ནུ་	ADJ
བློ་གྲོས་	བློ་གྲོས་	NOUN
དབེན་པ་	དབེན་པ་	VERB
འི་	གི་	PART
ནགས་	ནགས་	NOUN
སུ་	ལ་	PART
འགྲོ་	འགྲོ་	VERB
། །		PUNCT
ངང་པ་	ངང་པ་	OTHER
འི་	གི་	PART
ཚོགས་	ཚོགས་	NOUN
ཀྱིས་	གིས་	PART
པདྨ་	པདྨ་	NOUN
འི་	གི་	PART
མཚོ་	མཚོ་	NOUN
མཐོང་	མཐོང་	VERB
ལྟ་	ལྟ་	OTHER
། །		PUNCT
བས་མཐ་	བས་མཐའ་	NO_POS
འི་	གི་	PART
གནས་	གནས་	NOUN
ལ་	ལ་	PART
ཁོ་བོ་	ཁོ་བོ་	PRON
སེམས་	སེམས་	NOUN
རབ་གཡོ་	རབ་གཡོ་	NO_POS
། །		PUNCT
དལ་འབྱོར་	དལ་འབྱོར་	NOUN
ལུས་	ལུས་	NOUN
ལ་	ལ་	PART
སྙིང་པོ་	སྙིང་པོ་	NOUN
བླང་བ་	བླང་བ་	VERB
འི་	གི་	PART
ཕྱི་	ཕྱི་	OTHER
། །		PUNCT
གཞོན་ནུ་	གཞོན་ནུ་	ADJ
བློ་གྲོས་	བློ་གྲོས་	NOUN
དབེན་པ་	དབེན་པ་	VERB
འི་	གི་	PART
ནགས་	ནགས་	NOUN
སུ་	ལ་	PART
འགྲོ་	འགྲོ་	VERB
། །		PUNCT
བུང་བ་	བུང་བ་	NOUN
གཞོན་ནུ་	གཞོན་ནུ་	ADJ
ས་	གིས་	PART
འདབ་བརྒྱ་	འདབ་བརྒྱ་	NO_POS
འི་	གི་	PART
ཚལ་	ཚལ་	NOUN
མཐོང་	མཐོང་	VERB
ལྟ་	ལྟ་	OTHER
། །		PUNCT
ཁོ་བོ་	ཁོ་བོ་	PRON
འི་	གི་	PART
ཡིད་	ཡིད་	NOUN
ནི་	ནི་	NO_POS
དབེན་པ་	དབེན་པ་	VERB
འི་	གི་	PART
རི་	རི་	NOUN
ལ་	ལ་	PART
ཆགས་	ཆགས་	VERB
། །		PUNCT
ཏིང་འཛིན་	ཏིང་འཛིན་	NOUN
བདུད་རྩི་	བདུད་རྩི་	NOUN
འི་	གི་	PART
རོ་	རོ་	NOUN
དེ་	སྟེ་	PART
མྱོང་	མྱོང་	VERB
བྱ་	བྱ་	VERB
འི་	གི་	PART
ཕྱི་	ཕྱི་	OTHER
། །		PUNCT
གཞོན་ནུ་	གཞོན་ནུ་	ADJ
བློ་གྲོས་	བློ་གྲོས་	NOUN
དབེན་པ་	དབེན་པ་	VERB
འི་	གི་	PART
ནགས་	ནགས་	NOUN
སུ་	ལ་	PART
འགྲོ་	འགྲོ་	VERB
། །		PUNCT
དཔྱིད་དུས་	དཔྱིད་དུས་	NO_POS
བསིལ་བ་	བསིལ་བ་	VERB
འི་	གི་	PART
མ་ལ་ཡ་	མ་ལ་ཡ་	PROPN
འི་	གི་	PART
རླུང་	རླུང་	NOUN
ལྟ་	ལྟ་	OTHER
། །		PUNCT
ནགས་	ནགས་	NOUN
ཀྱི་	གི་	PART
སྨན་	སྨན་	NOUN
ལྗོན་	ལྗོན་	NO_POS
ཁོ་བོ་	ཁོ་བོ་	PRON
འི་	གི་	PART
ཡིད་	ཡིད་	NOUN
ལ་	ལ་	PART
འབབ་	འབབ་	NO_POS
། །		PUNCT
ཉོན་མོངས་	ཉོན་མོངས་	NOUN
བདུད་	བདུད་	NOUN
ཀྱི་	གི་	PART
སྡེ་	སྡེ་	NOUN
དེ་	སྟེ་	PART
གཞོམ་	གཞོམ་	NO_POS
བྱ་	བྱ་	VERB
འི་	གི་	PART
ཕྱི་	ཕྱི་	OTHER
། །		PUNCT
གཞོན་ནུ་	གཞོན་ནུ་	ADJ
བློ་གྲོས་	བློ་གྲོས་	NOUN
དབེན་པ་	དབེན་པ་	VERB
འི་	གི་	PART
ནགས་	ནགས་	NOUN
སུ་	ལ་	PART
འགྲོ་	འགྲོ་	VERB
། །		PUNCT
ཞེ་	ཅེས་	PART
སོ་	གོ་	PART
།། ༈ །		PUNCT
ན་མོ་	ན་མོ་	X
ལོ་	གོ་	PART
ཀེ་	ཀེ་	PROPN
ཤྭ་	ཤྭ་	NO_POS
ར་	ར་	ADP
ཡ་	ཡ་	NOUN
།		PUNCT
གང་	གང་	NO_POS
ལ་	ལ་	PART
ཆགས་པ་	ཆགས་པ་	VERB
ས་	གིས་	PART
རྟག་	རྟག་	VERB
ཏུ་	ལ་	PART
སྡུག་བསྔལ་	སྡུག་བསྔལ་	NOUN
ཞིང་	ཅིང་	PART
། །		PUNCT
མེ་	མེ་	NOUN
ཡི་	གི་	PART
འོབས་	འོབས་	NOUN
དང་	དང་	NO_POS
མི་གཙང་	མི་གཙང་	NO_POS
རྫབ་	རྫབ་	NO_POS
ལྟ་བུ་	ལྟ་བུ་	NOUN
འི་	གི་	PART
། །		PUNCT
འཁོར་བ་	འཁོར་བ་	NOUN
འདི་	འདི་	DET
ལ་	ལ་	PART
བདེ་བ་	བདེ་བ་	VERB
འི་	གི་	PART
སྐབས་མེད་	སྐབས་མེད་	NO_POS
ཀྱི་	གི་	PART
། །		PUNCT
ཞེན་	ཞེན་	VERB
ལོག་	ལོག་	VERB
རྒྱུན་	རྒྱུན་	NOUN
དུ་	ལ་	PART
སྟེན་	སྟེན་	NO_POS
ཅིག་	ཅིག་	PART
སྒྲུབ་པ་	སྒྲུབ་པ་	VERB
དཔལ་	དཔལ་	OTHER
། །		PUNCT
ཉོན་མོངས་	ཉོན་མོངས་	NOUN
ནད་	ནད་	NOUN
ཆེན་	ཆེན་	NO_POS
སེལ་བ་	སེལ་བ་	VERB
འི་	གི་	PART
སྨན་	སྨན་	NOUN
གཅིག་པུ་	གཅིག་པུ་	ADJ
། །		PUNCT
དུས་གསུམ་	དུས་གསུམ་	OTHER
རྒྱལ་བ་	རྒྱལ་བ་	NOUN
ཀུན་	ཀུན་	DET
གྱི་	གི་	PART
བགྲོད་	བགྲོད་	VERB
གཅིག་	གཅིག་	NUM
ལམ་	གམ་	PART
། །		PUNCT
མཐའ་བྲལ་	མཐའ་བྲལ་	NOUN
དབུ་མ་	དབུ་མ་	PROPN
འི་	གི་	PART
ལམ་	གམ་	PART
ལ་	ལ་	ADP
ས་	གིས་	PART
གཞན་	གཞན་	DET
མེད་	མེད་	VERB
ཀྱི་	གི་	PART
། །		PUNCT
ཡེངས་	ཡེངས་	NO_POS
མེད་	མེད་	VERB
སྟོང་ཉིད་	སྟོང་ཉིད་	NOUN
སྒོམས་	སྒོམས་	VERB
ཤིག་	ཅིག་	PART
སྒྲུབ་པ་	སྒྲུབ་པ་	VERB
དཔལ་	དཔལ་	OTHER
། །		PUNCT
ལ་	ལ་	ADP
ས་	གིས་	PART
ཉོན་	ཉོན་	VERB
དབང་	དབང་	NOUN
གིས་	གིས་	PART
རྒྱུད་	རྒྱུད་	NOUN
ལྔ་	ལྔ་	NUM
འི་	གི་	PART
འཁོར་བ་	འཁོར་བ་	NOUN
རུ་	ལ་	PART
། །		PUNCT
དུཿ་	དུཿ་	NO_POS
ཁ་	ཁ་	PRON
རྒྱུད་	རྒྱུད་	NOUN
མ་	མ་	NOUN
མྱོང་བ་	མྱོང་བ་	VERB
འི་	གི་	PART
འགྲོ་བ་	འགྲོ་བ་	VERB
འདི་	འདི་	DET
། །		PUNCT
ཐོག་མེད་	ཐོག་མེད་	PROPN
དུས་	དུས་	NOUN
ཀྱི་	གི་	PART
དྲིན་ཅན་	དྲིན་ཅན་	ADJ
མ་	མ་	PART
ཡིན་	ཡིན་	NO_POS
གྱི་	གི་	PART
། །		PUNCT
སྙིང་རྗེ་	སྙིང་རྗེ་	NOUN
རྒྱུན་	རྒྱུན་	NOUN
དུ་	ལ་	PART
སྒོམས་	སྒོམས་	VERB
ཤིག་	ཅིག་	PART
སྒྲུབ་པ་	སྒྲུབ་པ་	VERB
དཔལ་	དཔལ་	OTHER
"།

།"		PUNCT
མདོར་ན་	མདོར་ན་	NO_POS
།		PUNCT
འཁོར་བ་	འཁོར་བ་	NOUN
ལ་	ལ་	PART
ཡིད་འབྱུང་	ཡིད་འབྱུང་	OTHER
བ་	བ་	ADP
མཉམ་	མཉམ་	VERB
གཞག་	གཞག་	VERB
ཏུ་	ལ་	PART
སྟོང་ཉིད་	སྟོང་ཉིད་	NOUN
བསྒོམ་	བསྒོམ་	VERB
ཞིང་	ཅིང་	PART
།		PUNCT
རྗེས་ཐོབ་	རྗེས་ཐོབ་	NOUN
ཏུ་	ལ་	PART
སྙིང་རྗེ་	སྙིང་རྗེ་	NOUN
བསྒོམ་པ་	བསྒོམ་པ་	VERB
ལ་	ལ་	PART
ཉམས་ལེན་	ཉམས་ལེན་	NOUN
གྱི་	གི་	PART
གཙོ་བོ་	གཙོ་བོ་	ADJ
མཛོད་	མཛོད་	NOUN
།		PUNCT
ཅེས་པ་	ཅེས་པ་	PART
དགེ་སློང་	དགེ་སློང་	NOUN
གཞོན་ནུ་	གཞོན་ནུ་	ADJ
བློ་གྲོས་	བློ་གྲོས་	NOUN
ཀྱིས་	གིས་	PART
སྦྱར་བ་	སྦྱར་བ་	VERB
འོ་	གོ་	PART
།། ༈ །		PUNCT
བཀའ་དྲིན་	བཀའ་དྲིན་	NOUN
མཉམ་མེད་	མཉམ་མེད་	ADJ
དཔལ་ལྡན་	དཔལ་ལྡན་	ADJ
བླ་མ་	བླ་མ་	NOUN
དང་	དང་	NO_POS
། །		PUNCT
བླ་མེད་	བླ་མེད་	ADJ
དཀོན་མཆོག་	དཀོན་མཆོག་	NOUN
གསུམ་	གསུམ་	NUM
ལ་	ལ་	PART
ཕྱག་	ཕྱག་	NOUN
འཚལ་	འཚལ་	VERB
ན་	ནས་	PART
། །		PUNCT
མང་	མང་	VERB
དུ་	ལ་	PART
ཐོས་པ་	ཐོས་པ་	VERB
འི་	གི་	PART
དགེ་སློང་	དགེ་སློང་	NOUN
ཀུ་	ཀུ་	NO_POS
མ་	མ་	PART
ར་	ར་	NOUN
། །		PUNCT
དད་	དད་	VERB
ལྡན་	ལྡན་	VERB
ཤེས་རབ་	ཤེས་རབ་	NOUN
དཔལ་	དཔལ་	OTHER
ལ་	ལ་	PART
འདི་སྐད་	འདི་སྐད་	NO_POS
འདོམས་	འདོམས་	NOUN
། །		PUNCT
ཤིན་ཏུ་	ཤིན་ཏུ་	NO_POS
རྙེད་	རྙེད་	VERB
དཀ་	དཀའ་	VERB
འི་	གི་	PART
དལ་འབྱོར་	དལ་འབྱོར་	NOUN
རིན་ཆེན་	རིན་ཆེན་	OTHER
འདི་	འདི་	DET
། །		PUNCT
འཇིག་པ་	འཇིག་པ་	VERB
ར་	ལ་	PART
ངེས་	ངེས་	VERB
སོ་ནམ་	སོ་ནམ་	NOUN
འཇིག་	འཇིག་	VERB
ངེས་པ་	ངེས་པ་	VERB
མེད་	མེད་	VERB
། །		PUNCT
སྐྱེ་བ་	སྐྱེ་བ་	VERB
ར་	ལ་	PART
ངེས་	ངེས་	VERB
སོ་ག་	སོ་ག་	NO_POS
ར་	ལ་	PART
སྐྱེ་	སྐྱེ་	NOUN
ངེས་པ་	ངེས་པ་	VERB
མེད་	མེད་	VERB
། །		PUNCT
དལ་འབྱོར་	དལ་འབྱོར་	NOUN
དོན་ཡོད་	དོན་ཡོད་	ADJ
མཛོད་	མཛོད་	NOUN
ཅིག་	ཅིག་	PART
ཤེས་རབ་	ཤེས་རབ་	NOUN
དཔལ་	དཔལ་	OTHER
། །		PUNCT
འདོད་	འདོད་	VERB
དང་	དང་	NO_POS
མི་	མི་	PART
འདོད་	འདོད་	VERB
རྣམ་སྨིན་	རྣམ་སྨིན་	NOUN
འབྲས་བུ་	འབྲས་བུ་	NOUN
སྟེ་	སྟེ་	PART
། །		PUNCT
རང་	རང་	PRON
གིས་	གིས་	PART
བསགས་པ་	བསགས་པ་	VERB
འི་	གི་	PART
དཀར་ནག་	དཀར་ནག་	ADJ
ལས་འབྲས་	ལས་འབྲས་	NOUN
རྣམས་	རྣམས་	DET
། །		PUNCT
མྱོང་བ་	མྱོང་བ་	VERB
ར་	ལ་	PART
ངེས་	ངེས་	VERB
སོ་ནམ་	སོ་ནམ་	NOUN
མྱོང་	མྱོང་	VERB
ངེས་པ་	ངེས་པ་	VERB
མེད་	མེད་	VERB
། །		PUNCT
སྡིག་	སྡིག་	NOUN
སྤོང་	སྤོང་	VERB
དགེ་	དགེ་	NOUN
ལ་	ལ་	PART
འབད་	འབད་	VERB
ཅིག་	ཅིག་	PART
ཤེས་རབ་	ཤེས་རབ་	NOUN
དཔལ་	དཔལ་	OTHER
། །		PUNCT
བསག་	བསག་	NO_POS
དང་	དང་	NO_POS
སྲུང་	སྲུང་	VERB
དང་	དང་	NO_POS
བརླག་པ་	བརླག་པ་	VERB
འི་	གི་	PART
དུཿ་	དུཿ་	NO_POS
ཁ་	ཁ་	PRON
ཅན་	ཅན་	PART
། །		PUNCT
ངལ་	ངལ་	VERB
བརྒྱ་	བརྒྱ་	NUM
ས་	གིས་	PART
བསྒྲུབས་པ་	བསྒྲུབས་པ་	VERB
འི་	གི་	PART
སྒྱུ་མ་	སྒྱུ་མ་	NOUN
འི་	གི་	PART
ཟས་ནོར་	ཟས་ནོར་	NOUN
འདི་	འདི་	DET
། །		PUNCT
འཛད་པ་	འཛད་པ་	VERB
ར་	ལ་	PART
ངེས་	ངེས་	VERB
སོ་ནམ་	སོ་ནམ་	NOUN
འཛད་	འཛད་	NO_POS
ངེས་པ་	ངེས་པ་	VERB
མེད་	མེད་	VERB
། །		PUNCT
ལོངས་སྤྱོད་	ལོངས་སྤྱོད་	NOUN
སྙིང་པོ་	སྙིང་པོ་	NOUN
ལོངས་	ལོངས་	VERB
ཤིག་	ཅིག་	PART
ཤེས་རབ་	ཤེས་རབ་	NOUN
དཔལ་	དཔལ་	OTHER
། །		PUNCT
ཕན་	ཕན་	NOUN
བྱེད་	བྱེད་	VERB
བཤེས་	བཤེས་	VERB
དང་	དང་	NO_POS
གནོད་	གནོད་	VERB
བྱེད་	བྱེད་	VERB
དགྲ་བོ་	དགྲ་བོ་	NOUN
ཡང་	ཀྱང་	PART
། །		PUNCT
བློ་བུར་	བློ་བུར་	NO_POS
འདུས་པ་	འདུས་པ་	VERB
འི་	གི་	PART
ཚོང་འདུས་	ཚོང་འདུས་	NOUN
འགྲོན་པོ་	འགྲོན་པོ་	NOUN
བཞིན་	བཞིན་	NOUN
། །		PUNCT
འབྲལ་བ་	འབྲལ་བ་	VERB
ར་	ལ་	PART
ངེས་	ངེས་	VERB
སོ་ནམ་	སོ་ནམ་	NOUN
འབྲལ་	འབྲལ་	NO_POS
ངེས་པ་	ངེས་པ་	VERB
མེད་	མེད་	VERB
། །		PUNCT
ཆགས་སྡང་	ཆགས་སྡང་	NOUN
ཞེན་པ་	ཞེན་པ་	VERB
སྐྱུངས་		NON_WORD
ཤིག་	ཅིག་	PART
ཤེས་རབ་	ཤེས་རབ་	NOUN
དཔལ་	དཔལ་	OTHER
། །		PUNCT
འཇིག་རྟེན་	འཇིག་རྟེན་	NOUN
འདི་	འདི་	DET
ན་	ནས་	PART
ཕ་རོལ་	ཕ་རོལ་	NOUN
འགྲོ་བ་	འགྲོ་བ་	VERB
འི་	གི་	PART
ཚེ་	ཚེ་	NOUN
། །		PUNCT
རང་	རང་	PRON
བསགས་	བསགས་	VERB
དགེ་སྡིག་	དགེ་སྡིག་	NOUN
ལས་འབྲས་	ལས་འབྲས་	NOUN
མ་གཏོགས་པ་	མ་གཏོགས་པ་	NO_POS
། །		PUNCT
འཁོར་	འཁོར་	NOUN
དང་	དང་	NO_POS
ཉེ་དུ་	ཉེ་དུ་	NOUN
ལོངས་སྤྱོད་	ལོངས་སྤྱོད་	NOUN
རྗེས་	རྗེས་	NOUN
མི་	མི་	PART
འབྲང་	འབྲང་	VERB
། །		PUNCT
ཕྱི་མ་	ཕྱི་མ་	ADJ
འི་	གི་	PART
ལམ་རྒྱགས་	ལམ་རྒྱགས་	NOUN
སྒྲུབས་	སྒྲུབས་	VERB
ཤིག་	ཅིག་	PART
ཤེས་རབ་	ཤེས་རབ་	NOUN
དཔལ་	དཔལ་	OTHER
། །		PUNCT
ད་ལོ་	ད་ལོ་	ADV
འདི་	འདི་	DET
བྱ་	བྱ་	VERB
སང་ཕོད་	སང་ཕོད་	NO_POS
འདི་	འདི་	DET
བྱེད་	བྱེད་	VERB
ཅེས་	ཅེས་	PART
། །		PUNCT
རྟག་	རྟག་	VERB
རྟག་	རྟག་	VERB
འདྲ་བ་	འདྲ་བ་	VERB
འི་	གི་	PART
ཕྱི་ཚིས་	ཕྱི་ཚིས་	NO_POS
གྲབས་	གྲབས་	NOUN
ཤོམས་	ཤོམས་	VERB
རྣམས་	རྣམས་	DET
། །		PUNCT
ཐོག་	ཐོག་	NOUN
ཏུ་	ལ་	PART
མི་	མི་	PART
འབབ་	འབབ་	NO_POS
གྲོག་	གྲོག་	NO_POS
སྐམ་	སྐམ་	VERB
ཉ་རྒྱ་	ཉ་རྒྱ་	NOUN
འདྲ་	འདྲ་	VERB
། །		PUNCT
རྟག་	རྟག་	VERB
ཚི་	ཚི་	NOUN
འདོད་འདུན་	འདོད་འདུན་	NO_POS
སྐྱུངས་		NON_WORD
ཤིག་	ཅིག་	PART
ཤེས་རབ་	ཤེས་རབ་	NOUN
དཔལ་	དཔལ་	OTHER
། །		PUNCT
ཅེས་པ་	ཅེས་པ་	PART
འདི་	འདི་	DET
འབྲི་	འབྲི་	VERB
ཁུང་	ཁུང་	NOUN
ཐོལ་	ཐོལ་	ADV
གྱི་	གི་	PART
ཆེན་པོ་	ཆེན་པོ་	ADJ
ཤེས་རབ་	ཤེས་རབ་	NOUN
དཔལ་	དཔལ་	OTHER
གྱིས་	གིས་	PART
ཆོ་	ཆོ་	NOUN
ཀྱི་	གི་	PART
གདམས་པ་	གདམས་པ་	VERB
གཅིག་	གཅིག་	NUM
འདོད་	འདོད་	VERB
ཞུས་པ་	ཞུས་པ་	VERB
ལ་	ལ་	PART
གདམས་པ་	གདམས་པ་	VERB
འོ་	གོ་	PART
།། ༈ །		PUNCT
འགྱོད་	འགྱོད་	NO_POS
མེད་	མེད་	VERB
གདེང་	གདེང་	NOUN
བྲོད་	བྲོད་	VERB
ཀྱི་	གི་	PART
མགུར་མ་	མགུར་མ་	OTHER
།		PUNCT
ན་མོ་	ན་མོ་	X
གུ་རུ་	གུ་རུ་	PROPN
།		PUNCT
གང་	གང་	NO_POS
ལ་	ལ་	PART
སྐྱབས་	སྐྱབས་	NOUN
ན་	ལ་	PART
སླུ་	སླུ་	NO_POS
མེད་	མེད་	VERB
དཀོན་མཆོག་	དཀོན་མཆོག་	NOUN
གསུམ་	གསུམ་	NUM
། །		PUNCT
འབྲལ་	འབྲལ་	NO_POS
མེད་	མེད་	VERB
སྤྱི་གཙུག་	སྤྱི་གཙུག་	NOUN
རྒྱན་	རྒྱན་	NOUN
དུ་	ལ་	PART
རྟག་	རྟག་	VERB
བཞུགས་	བཞུགས་	VERB
གསོལ་	གསོལ་	VERB
"།

།"		PUNCT
སྣང་སྟོང་	སྣང་སྟོང་	NO_POS
སྒྱུ་མ་	སྒྱུ་མ་	NOUN
འི་	གི་	PART
རྣལ་འབྱོར་	རྣལ་འབྱོར་	NOUN
རི་ཁྲོད་པ་	རི་ཁྲོད་པ་	NOUN
། །		PUNCT
སེམས་	སེམས་	NOUN
གནོང་	གནོང་	NO_POS
མེད་	མེད་	VERB
ཀྱི་	གི་	PART
གླུ་	གླུ་	NOUN
སྐད་	སྐད་	NOUN
འདི་བཞིན་	འདི་བཞིན་	NO_POS
ལེན་	ལེན་	VERB
། །		PUNCT
ཤུལ་	ཤུལ་	NOUN
ན་	ལ་	PART
འཕྲེངས་པ་	འཕྲེངས་པ་	NON_WORD
འི་	གི་	PART
ཟས་ནོར་	ཟས་ནོར་	NOUN
ལུས་པ་	ལུས་པ་	VERB
མེད་	མེད་	VERB
། །		PUNCT
གདོང་	གདོང་	NOUN
ན་	ལ་	PART
མཚེར་བ་	མཚེར་བ་	NO_POS
འི་	གི་	PART
ལས་ངན་	ལས་ངན་	NOUN
བསགས་པ་	བསགས་པ་	VERB
མེད་	མེད་	VERB
། །		PUNCT
ཐེག་ཆེན་	ཐེག་ཆེན་	NOUN
བསླབ་པ་	བསླབ་པ་	VERB
འི་	གི་	PART
བསམ་སྦྱོར་	བསམ་སྦྱོར་	NOUN
ཉམས་པ་	ཉམས་པ་	VERB
མེད་	མེད་	VERB
། །		PUNCT
སྒྱུ་མ་	སྒྱུ་མ་	NOUN
འི་	གི་	PART
ལུས་སེམས་	ལུས་སེམས་	NOUN
བྲལ་	བྲལ་	VERB
ཡང་	ཀྱང་	PART
འགྱོད་པ་	འགྱོད་པ་	VERB
མེད་	མེད་	VERB
། །		PUNCT
ཚེ་	ཚེ་	NOUN
འདི་	འདི་	DET
འི་	གི་	PART
རྙེད་བཀུར་	རྙེད་བཀུར་	NO_POS
ཆེ་ཐབས་	ཆེ་ཐབས་	VERB
སྒྲུབ་	སྒྲུབ་	VERB
མ་	མ་	PART
མྱོང་	མྱོང་	VERB
། །		PUNCT
འདོད་ཡོན་	འདོད་ཡོན་	NOUN
སྲེད་པ་	སྲེད་པ་	VERB
འི་	གི་	PART
རྗེས་	རྗེས་	NOUN
ཕྱི་	ཕྱི་	OTHER
འབྲང་	འབྲང་	VERB
མ་	མ་	PART
མྱོང་	མྱོང་	VERB
། །		PUNCT
དོན་མེད་	དོན་མེད་	ADJ
བྱ་བ་	བྱ་བ་	VERB
ས་	གིས་	PART
ཚེ་	ཚེ་	NOUN
འདི་	འདི་	DET
ཡེངས་	ཡེངས་	NO_POS
མ་	མ་	PART
མྱོང་	མྱོང་	VERB
། །		PUNCT
སྒྱུ་མ་	སྒྱུ་མ་	NOUN
འི་	གི་	PART
ལུས་སེམས་	ལུས་སེམས་	NOUN
བྲལ་	བྲལ་	VERB
ཡང་	ཀྱང་	PART
འགྱོད་པ་	འགྱོད་པ་	VERB
མེད་	མེད་	VERB
། །		PUNCT
ཅིར་	ཅིར་	NO_POS
སྣང་	སྣང་	VERB
སྒྱུ་མ་	སྒྱུ་མ་	NOUN
ར་	ལ་	PART
རྟོགས་པ་	རྟོགས་པ་	VERB
འི་	གི་	PART
ཤེས་རབ་	ཤེས་རབ་	NOUN
ཡོད་	ཡོད་	VERB
། །		PUNCT
འགྲོ་	འགྲོ་	VERB
དྲུག་	དྲུག་	NUM
ཕ་མ་	ཕ་མ་	NOUN
ར་	ལ་	PART
ཤེས་པ་	ཤེས་པ་	VERB
འི་	གི་	PART
ལྷག་བསམ་	ལྷག་བསམ་	NOUN
ཡོད་	ཡོད་	VERB
། །		PUNCT
ཐབས་ཤེས་	ཐབས་ཤེས་	NOUN
ཟུང་	ཟུང་	VERB
དུ་	ལ་	PART
འབྲེལ་བ་	འབྲེལ་བ་	VERB
འི་	གི་	PART
ཉམས་ལེན་	ཉམས་ལེན་	NOUN
ཡོད་	ཡོད་	VERB
། །		PUNCT
སྒྱུ་མ་	སྒྱུ་མ་	NOUN
འི་	གི་	PART
ལུས་སེམས་	ལུས་སེམས་	NOUN
བྲལ་	བྲལ་	VERB
ཡང་	ཀྱང་	PART
འགྱོད་པ་	འགྱོད་པ་	VERB
མེད་	མེད་	VERB
། །		PUNCT
ཐོག་མ་	ཐོག་མ་	NOUN
ར་	ལ་	PART
གསུང་རབ་	གསུང་རབ་	NOUN
དགོངས་	དགོངས་	VERB
དོན་	དོན་	NOUN
ཚུལ་བཞིན་	ཚུལ་བཞིན་	NOUN
སྦྱངས་	སྦྱངས་	VERB
། །		PUNCT
བ་	བ་	NOUN
དུ་	ལ་	PART
བློ་གསལ་	བློ་གསལ་	OTHER
གདུལ་བྱ་	གདུལ་བྱ་	NOUN
འི་	གི་	PART
ཚོགས་	ཚོགས་	NOUN
ལ་	ལ་	PART
བཤད་	བཤད་	VERB
། །		PUNCT
ཐ་མ་	ཐ་མ་	ADJ
ར་	ལ་	PART
འདྲིས་པ་	འདྲིས་པ་	VERB
འི་	གི་	PART
དོན་	དོན་	NOUN
ལ་རྩེ་	ལ་རྩེ་	NOUN
གཅིག་	གཅིག་	NUM
བསྒོམས་	བསྒོམས་	VERB
། །		PUNCT
སྒྱུ་མ་	སྒྱུ་མ་	NOUN
འི་	གི་	PART
ལུས་སེམས་	ལུས་སེམས་	NOUN
བྲལ་	བྲལ་	VERB
ཡང་	ཀྱང་	PART
འགྱོད་པ་	འགྱོད་པ་	VERB
མེད་	མེད་	VERB
། །		PUNCT
རྒྱལ་བ་	རྒྱལ་བ་	NOUN
འི་	གི་	PART
བསྟན་པ་	བསྟན་པ་	VERB
སྲོག་	སྲོག་	NOUN
ལ་	ལ་	ADP
ས་	གིས་	PART
གཅེས་པ་	གཅེས་པ་	VERB
ར་	ལ་	PART
བཟུང་	བཟུང་	NO_POS
། །		PUNCT
རིགས་	རིགས་	NOUN
དང་	དང་	NO_POS
མི་རིགས་	མི་རིགས་	NOUN
ཚུལ་བཞིན་	ཚུལ་བཞིན་	NOUN
རྣམ་པ་	རྣམ་པ་	NOUN
ར་	ལ་	PART
ཕྱེ་	ཕྱེ་	VERB
། །		PUNCT
འཆད་	འཆད་	VERB
རྩོད་	རྩོད་	VERB
རྩོམ་པ་	རྩོམ་པ་	VERB
ས་	གིས་	PART
དལ་འབྱོར་	དལ་འབྱོར་	NOUN
དོན་ཡོད་	དོན་ཡོད་	ADJ
བྱ་	བྱ་	VERB
། །		PUNCT
སྒྱུ་མ་	སྒྱུ་མ་	NOUN
འི་	གི་	PART
ལུས་སེམས་	ལུས་སེམས་	NOUN
བྲལ་	བྲལ་	VERB
ཡང་	ཀྱང་	PART
འགྱོད་པ་	འགྱོད་པ་	VERB
མེད་	མེད་	VERB
། །		PUNCT
འགྱོད་	འགྱོད་	NO_POS
མེད་	མེད་	VERB
གདེང་	གདེང་	NOUN
བྲོད་	བྲོད་	VERB
ཀྱི་	གི་	PART
མགུར་མ་	མགུར་མ་	OTHER
འདི་	འདི་	DET
། །		PUNCT
གངས་	གངས་	NOUN
བུ་	བུ་	NOUN
ལེ་	ལེ་	NO_POS
འི་	གི་	PART
མགུལ་	མགུལ་	NOUN
དུ་	ལ་	PART
བླངས་པ་	བླངས་པ་	VERB
ཡིན་	ཡིན་	NO_POS
། །		PUNCT
མི་	མི་	PART
ཁོ་བོ་	ཁོ་བོ་	PRON
འི་	གི་	PART
རྗེས་འཇུག་	རྗེས་འཇུག་	NOUN
དད་	དད་	VERB
ལྡན་	ལྡན་	VERB
རྣམས་	རྣམས་	DET
། །		PUNCT
མི་	མི་	PART
ང་	ང་	PRON
བཞིན་	བཞིན་	NOUN
བྱེད་	བྱེད་	VERB
ན་	ལ་	PART
འདི་བཞིན་	འདི་བཞིན་	NO_POS
མཛོད་	མཛོད་	NOUN
། །		PUNCT
ཚོགས་	ཚོགས་	NOUN
གཉིས་	གཉིས་	NUM
ཟུང་	ཟུང་	VERB
དུ་	ལ་	PART
འཇུག་པ་	འཇུག་པ་	VERB
ས་	གིས་	PART
རྒྱུད་	རྒྱུད་	NOUN
སྦྱངས་	སྦྱངས་	VERB
ཏེ་	སྟེ་	PART
། །		PUNCT
བདེན་	བདེན་	VERB
གཉིས་	གཉིས་	NUM
ཟུང་	ཟུང་	VERB
དུ་	ལ་	PART
འཇུག་པ་	འཇུག་པ་	VERB
འི་	གི་	PART
དོན་	དོན་	NOUN
རྟོགས་	རྟོགས་	VERB
ཤིང་	ཅིང་	PART
། །		PUNCT
རིམ་གཉིས་	རིམ་གཉིས་	OTHER
ཟུང་འཇུག་	ཟུང་འཇུག་	NOUN
རྡོ་རྗེ་	རྡོ་རྗེ་	NOUN
འི་	གི་	PART
ལམ་	གམ་	PART
བསྒོམས་པ་	བསྒོམས་པ་	VERB
ས་	གིས་	PART
། །		PUNCT
འཇའ་ལུས་	འཇའ་ལུས་	OTHER
རྡོ་རྗེ་	རྡོ་རྗེ་	NOUN
འི་	གི་	PART
སྐུ་	སྐུ་	NOUN
རུ་	ལ་	PART
བདག་	བདག་	PRON
གྱུར་ཅིག་	གྱུར་ཅིག་	NO_POS
། །།		PUNCT
		
རེད་	རེད་	VERB
མདའ་བ་	མདའ་བ་	NOUN
།		PUNCT
རེད་	རེད་	VERB
མདའ་བ་	མདའ་བ་	NOUN
འི་	གི་	PART
གསུང་	གསུང་	VERB
ཐོར་བུ་	ཐོར་བུ་	OTHER
ལ་	ལ་	ADP
ས་	གིས་	PART
ཞལ་གདམས་	ཞལ་གདམས་	NOUN
ཟུར་	ཟུར་	NOUN
དུ་	ལ་	PART
བཀོལ་བ་	བཀོལ་བ་	VERB
།		PUNCT
		
